month,ts,record_type,KWH,meter_id
3,20220314114500,MEPMD01,0.3546,2141779855
3,20220308211500,MEPMD01,0.414,2141779855
3,20220301200000,MEPMD01,0.363,2141779855
3,20220324121500,MEPMD01,0.4578,2141779855
3,20220326050000,MEPMD01,0.5316,2141779855
3,20220308230000,MEPMD01,0.4152,2141779855
3,20220310000000,MEPMD01,0.3984,2141779855
3,20220326141500,MEPMD01,0.3066,2141779855
3,20220310161500,MEPMD01,0.3462,2141779855
3,20220318003000,MEPMD01,0.3648,2141779855
3,20220331041500,MEPMD01,0.4218,2141779855
3,20220303053000,MEPMD01,0.3894,2141779855
3,20220322010000,MEPMD01,0.4884,2141779855
3,20220313080000,MEPMD01,0.315,2141779855
3,20220319153000,MEPMD01,0.3174,2141779855
3,20220308180000,MEPMD01,0.2364,2141779855
3,20220323093000,MEPMD01,0.4722,2141779855
3,20220308080000,MEPMD01,0.2946,2141779855
3,20220320060000,MEPMD01,0.4422,2141779855
3,20220310100000,MEPMD01,0.3384,2141779855
3,20220322140000,MEPMD01,0.3462,2141779855
3,20220329023000,MEPMD01,0.417,2141779855
3,20220309181500,MEPMD01,0.3186,2141779855
3,20220308143000,MEPMD01,0.255,2141779855
3,20220313051500,MEPMD01,0.3666,2141779855
3,20220331040000,MEPMD01,0.3978,2141779855
3,20220228220000,MEPMD01,0.4302,2141779855
3,20220306221500,MEPMD01,0.4614,2141779855
3,20220312041500,MEPMD01,0.375,2141779855
3,20220323024500,MEPMD01,0.4302,2141779855
3,20220312224500,MEPMD01,0.4038,2141779855
3,20220302234500,MEPMD01,0.4584,2141779855
3,20220328031500,MEPMD01,0.4662,2141779855
3,20220325051500,MEPMD01,0.4302,2141779855
3,20220317014500,MEPMD01,0.3996,2141779855
3,20220324204500,MEPMD01,0.5148,2141779855
3,20220313054500,MEPMD01,0.3924,2141779855
3,20220306083000,MEPMD01,0.333,2141779855
3,20220308003000,MEPMD01,0.3696,2141779855
3,20220320183000,MEPMD01,0.3606,2141779855
3,20220316131500,MEPMD01,0.3726,2141779855
3,20220331161500,MEPMD01,0.366,2141779855
3,20220323144500,MEPMD01,0.3426,2141779855
3,20220305163000,MEPMD01,0.3432,2141779855
3,20220317184500,MEPMD01,0.357,2141779855
3,20220318194500,MEPMD01,0.4296,2141779855
3,20220325154500,MEPMD01,0.4914,2141779855
3,20220328001500,MEPMD01,0.4002,2141779855
3,20220304003000,MEPMD01,0.348,2141779855
3,20220303064500,MEPMD01,0.3804,2141779855
3,20220311060000,MEPMD01,0.3606,2141779855
3,20220301213000,MEPMD01,0.39,2141779855
3,20220328121500,MEPMD01,0.4536,2141779855
3,20220310191500,MEPMD01,0.4278,2141779855
3,20220311054500,MEPMD01,0.3852,2141779855
3,20220302113000,MEPMD01,0.3084,2141779855
3,20220311044500,MEPMD01,0.3486,2141779855
3,20220313141500,MEPMD01,0.309,2141779855
3,20220309024500,MEPMD01,0.3594,2141779855
3,20220305084500,MEPMD01,0.2814,2141779855
3,20220315074500,MEPMD01,0.357,2141779855
3,20220228214500,MEPMD01,0.4248,2141779855
3,20220329144500,MEPMD01,0.3744,2141779855
3,20220301060000,MEPMD01,0.3576,2141779855
3,20220310081500,MEPMD01,0.3114,2141779855
3,20220317064500,MEPMD01,0.3492,2141779855
3,20220308193000,MEPMD01,0.3492,2141779855
3,20220313110000,MEPMD01,0.2976,2141779855
3,20220317073000,MEPMD01,0.3312,2141779855
3,20220302223000,MEPMD01,0.3978,2141779855
3,20220306034500,MEPMD01,0.3438,2141779855
3,20220307081500,MEPMD01,0.33,2141779855
3,20220306231500,MEPMD01,0.369,2141779855
3,20220324220000,MEPMD01,0.5406,2141779855
3,20220323071500,MEPMD01,0.4404,2141779855
3,20220320084500,MEPMD01,0.3084,2141779855
3,20220303110000,MEPMD01,0.3078,2141779855
3,20220323101500,MEPMD01,0.4398,2141779855
3,20220302054500,MEPMD01,0.3444,2141779855
3,20220316164500,MEPMD01,0.3078,2141779855
3,20220302084500,MEPMD01,0.2952,2141779855
3,20220328224500,MEPMD01,0.441,2141779855
3,20220313220000,MEPMD01,0.4488,2141779855
3,20220328013000,MEPMD01,0.4236,2141779855
3,20220324044500,MEPMD01,0.4092,2141779855
3,20220314230000,MEPMD01,0.459,2141779855
3,20220305213000,MEPMD01,0.4734,2141779855
3,20220305073000,MEPMD01,0.3276,2141779855
3,20220327050000,MEPMD01,0.4218,2141779855
3,20220316104500,MEPMD01,0.2838,2141779855
3,20220331201500,MEPMD01,0.507,2141779855
3,20220315084500,MEPMD01,0.3234,2141779855
3,20220327163000,MEPMD01,0.4134,2141779855
3,20220319111500,MEPMD01,0.2928,2141779855
3,20220313194500,MEPMD01,0.3852,2141779855
3,20220311013000,MEPMD01,0.3294,2141779855
3,20220302213000,MEPMD01,0.4404,2141779855
3,20220315051500,MEPMD01,0.399,2141779855
3,20220331130000,MEPMD01,0.4692,2141779855
3,20220326164500,MEPMD01,0.5574,2141779855
3,20220307074500,MEPMD01,0.315,2141779855
3,20220305040000,MEPMD01,0.4062,2141779855
3,20220331110000,MEPMD01,0.4554,2141779855
3,20220308040000,MEPMD01,0.3414,2141779855
3,20220323103000,MEPMD01,0.4698,2141779855
3,20220316231500,MEPMD01,0.471,2141779855
3,20220325113000,MEPMD01,0.315,2141779855
3,20220319193000,MEPMD01,0.4608,2141779855
3,20220329201500,MEPMD01,0.516,2141779855
3,20220310151500,MEPMD01,0.5016,2141779855
3,20220306140000,MEPMD01,0.3312,2141779855
3,20220302004500,MEPMD01,0.3642,2141779855
3,20220312143000,MEPMD01,0.327,2141779855
3,20220330113000,MEPMD01,0.3438,2141779855
3,20220304024500,MEPMD01,0.3552,2141779855
3,20220304184500,MEPMD01,0.5526,2141779855
3,20220312010000,MEPMD01,0.36,2141779855
3,20220328184500,MEPMD01,0.5094,2141779855
3,20220319023000,MEPMD01,0.366,2141779855
3,20220315140000,MEPMD01,0.384,2141779855
3,20220304093000,MEPMD01,0.243,2141779855
3,20220322091500,MEPMD01,0.4464,2141779855
3,20220306031500,MEPMD01,0.3756,2141779855
3,20220320180000,MEPMD01,0.4806,2141779855
3,20220323133000,MEPMD01,0.3894,2141779855
3,20220311050000,MEPMD01,0.3576,2141779855
3,20220314154500,MEPMD01,0.2898,2141779855
3,20220329180000,MEPMD01,0.3834,2141779855
3,20220314161500,MEPMD01,0.261,2141779855
3,20220312044500,MEPMD01,0.3912,2141779855
3,20220329070000,MEPMD01,0.3804,2141779855
3,20220228224500,MEPMD01,0.5034,2141779855
3,20220304060000,MEPMD01,0.3582,2141779855
3,20220310181500,MEPMD01,0.3372,2141779855
3,20220315101500,MEPMD01,0.3738,2141779855
3,20220310054500,MEPMD01,0.3762,2141779855
3,20220326163000,MEPMD01,0.3972,2141779855
3,20220308203000,MEPMD01,0.3762,2141779855
3,20220309010000,MEPMD01,0.3726,2141779855
3,20220331184500,MEPMD01,0.5628,2141779855
3,20220311133000,MEPMD01,0.3642,2141779855
3,20220301140000,MEPMD01,0.3402,2141779855
3,20220325193000,MEPMD01,0.3738,2141779855
3,20220309154500,MEPMD01,0.312,2141779855
3,20220326180000,MEPMD01,0.3312,2141779855
3,20220304040000,MEPMD01,0.3948,2141779855
3,20220329181500,MEPMD01,0.3354,2141779855
3,20220305193000,MEPMD01,0.372,2141779855
3,20220315063000,MEPMD01,0.3834,2141779855
3,20220314150000,MEPMD01,0.342,2141779855
3,20220314133000,MEPMD01,0.2982,2141779855
3,20220314204500,MEPMD01,0.4146,2141779855
3,20220303113000,MEPMD01,0.348,2141779855
3,20220314214500,MEPMD01,0.4326,2141779855
3,20220324174500,MEPMD01,0.507,2141779855
3,20220320203000,MEPMD01,0.4044,2141779855
3,20220315230000,MEPMD01,0.4314,2141779855
3,20220307173000,MEPMD01,0.2478,2141779855
3,20220315003000,MEPMD01,0.4158,2141779855
3,20220322223000,MEPMD01,0.4818,2141779855
3,20220328181500,MEPMD01,0.378,2141779855
3,20220324060000,MEPMD01,0.4116,2141779855
3,20220303111500,MEPMD01,0.3294,2141779855
3,20220324080000,MEPMD01,0.4482,2141779855
3,20220330014500,MEPMD01,0.5346,2141779855
3,20220324013000,MEPMD01,0.4248,2141779855
3,20220313071500,MEPMD01,0.306,2141779855
3,20220303034500,MEPMD01,0.3744,2141779855
3,20220322204500,MEPMD01,0.5094,2141779855
3,20220311183000,MEPMD01,0.6264,2141779855
3,20220328231500,MEPMD01,0.4176,2141779855
3,20220313191500,MEPMD01,0.39,2141779855
3,20220328183000,MEPMD01,0.3534,2141779855
3,20220326171500,MEPMD01,0.408,2141779855
3,20220306074500,MEPMD01,0.387,2141779855
3,20220311104500,MEPMD01,0.4212,2141779855
3,20220306190000,MEPMD01,0.5298,2141779855
3,20220315181500,MEPMD01,0.3768,2141779855
3,20220324091500,MEPMD01,0.3402,2141779855
3,20220307191500,MEPMD01,0.42,2141779855
3,20220309151500,MEPMD01,0.3354,2141779855
3,20220308030000,MEPMD01,0.3648,2141779855
3,20220316134500,MEPMD01,0.399,2141779855
3,20220326044500,MEPMD01,0.3984,2141779855
3,20220311063000,MEPMD01,0.3876,2141779855
3,20220317123000,MEPMD01,0.3552,2141779855
3,20220319224500,MEPMD01,0.4842,2141779855
3,20220329161500,MEPMD01,0.4638,2141779855
3,20220325153000,MEPMD01,0.4008,2141779855
3,20220307210000,MEPMD01,0.558,2141779855
3,20220319140000,MEPMD01,0.3456,2141779855
3,20220318021500,MEPMD01,0.3732,2141779855
3,20220317174500,MEPMD01,0.336,2141779855
3,20220302221500,MEPMD01,0.4128,2141779855
3,20220316094500,MEPMD01,0.33,2141779855
3,20220305033000,MEPMD01,0.4254,2141779855
3,20220318224500,MEPMD01,0.45,2141779855
3,20220316010000,MEPMD01,0.3672,2141779855
3,20220319144500,MEPMD01,0.2964,2141779855
3,20220312090000,MEPMD01,0.3084,2141779855
3,20220322151500,MEPMD01,0.333,2141779855
3,20220326083000,MEPMD01,0.3618,2141779855
3,20220302191500,MEPMD01,0.6468,2141779855
3,20220301040000,MEPMD01,0.3762,2141779855
3,20220324161500,MEPMD01,0.3972,2141779855
3,20220328131500,MEPMD01,0.3978,2141779855
3,20220323043000,MEPMD01,0.3984,2141779855
3,20220331053000,MEPMD01,0.4062,2141779855
3,20220330231500,MEPMD01,0.459,2141779855
3,20220329034500,MEPMD01,0.3798,2141779855
3,20220318160000,MEPMD01,0.3426,2141779855
3,20220301023000,MEPMD01,0.3678,2141779855
3,20220327060000,MEPMD01,0.4086,2141779855
3,20220311161500,MEPMD01,0.3324,2141779855
3,20220302051500,MEPMD01,0.3594,2141779855
3,20220330183000,MEPMD01,0.3972,2141779855
3,20220316044500,MEPMD01,0.3948,2141779855
3,20220311143000,MEPMD01,0.354,2141779855
3,20220316043000,MEPMD01,0.3918,2141779855
3,20220331031500,MEPMD01,0.429,2141779855
3,20220310160000,MEPMD01,0.3672,2141779855
3,20220331091500,MEPMD01,0.4128,2141779855
3,20220313004500,MEPMD01,0.3738,2141779855
3,20220310150000,MEPMD01,0.4404,2141779855
3,20220313163000,MEPMD01,0.2844,2141779855
3,20220313231500,MEPMD01,0.4974,2141779855
3,20220331023000,MEPMD01,0.4056,2141779855
3,20220325094500,MEPMD01,0.3582,2141779855
3,20220315064500,MEPMD01,0.3786,2141779855
3,20220305153000,MEPMD01,0.3402,2141779855
3,20220328123000,MEPMD01,0.4296,2141779855
3,20220316083000,MEPMD01,0.297,2141779855
3,20220310203000,MEPMD01,0.4566,2141779855
3,20220328094500,MEPMD01,0.417,2141779855
3,20220317101500,MEPMD01,0.369,2141779855
3,20220324213000,MEPMD01,0.5148,2141779855
3,20220319150000,MEPMD01,0.3138,2141779855
3,20220313104500,MEPMD01,0.3366,2141779855
3,20220318150000,MEPMD01,0.3414,2141779855
3,20220314061500,MEPMD01,0.3936,2141779855
3,20220325171500,MEPMD01,0.3114,2141779855
3,20220304223000,MEPMD01,0.3822,2141779855
3,20220314104500,MEPMD01,0.3318,2141779855
3,20220303183000,MEPMD01,0.4248,2141779855
3,20220325164500,MEPMD01,0.3366,2141779855
3,20220331141500,MEPMD01,0.4122,2141779855
3,20220327063000,MEPMD01,0.384,2141779855
3,20220308104500,MEPMD01,0.3306,2141779855
3,20220326121500,MEPMD01,0.372,2141779855
3,20220329090000,MEPMD01,0.4116,2141779855
3,20220308164500,MEPMD01,0.1824,2141779855
3,20220327141500,MEPMD01,0.3588,2141779855
3,20220301214500,MEPMD01,0.3714,2141779855
3,20220310103000,MEPMD01,0.3318,2141779855
3,20220314170000,MEPMD01,0.306,2141779855
3,20220314171500,MEPMD01,0.276,2141779855
3,20220330144500,MEPMD01,0.4188,2141779855
3,20220313181500,MEPMD01,0.3048,2141779855
3,20220308213000,MEPMD01,0.4338,2141779855
3,20220302110000,MEPMD01,0.3738,2141779855
3,20220325160000,MEPMD01,0.4554,2141779855
3,20220310064500,MEPMD01,0.3624,2141779855
3,20220304171500,MEPMD01,0.3282,2141779855
3,20220324223000,MEPMD01,0.5322,2141779855
3,20220322123000,MEPMD01,0.4578,2141779855
3,20220305051500,MEPMD01,0.387,2141779855
3,20220311030000,MEPMD01,0.3804,2141779855
3,20220308163000,MEPMD01,0.204,2141779855
3,20220311214500,MEPMD01,0.4902,2141779855
3,20220304111500,MEPMD01,0.4224,2141779855
3,20220325063000,MEPMD01,0.4044,2141779855
3,20220331060000,MEPMD01,0.48,2141779855
3,20220307033000,MEPMD01,0.4164,2141779855
3,20220316160000,MEPMD01,0.3504,2141779855
3,20220313233000,MEPMD01,0.4764,2141779855
3,20220305083000,MEPMD01,0.2862,2141779855
3,20220322194500,MEPMD01,0.4476,2141779855
3,20220301031500,MEPMD01,0.3918,2141779855
3,20220321024500,MEPMD01,0.3618,2141779855
3,20220330174500,MEPMD01,0.4458,2141779855
3,20220310080000,MEPMD01,0.342,2141779855
3,20220307050000,MEPMD01,0.414,2141779855
3,20220307161500,MEPMD01,0.2922,2141779855
3,20220319143000,MEPMD01,0.339,2141779855
3,20220324113000,MEPMD01,0.4398,2141779855
3,20220308223000,MEPMD01,0.423,2141779855
3,20220301154500,MEPMD01,0.309,2141779855
3,20220323034500,MEPMD01,0.4278,2141779855
3,20220310184500,MEPMD01,0.5448,2141779855
3,20220320094500,MEPMD01,0.3198,2141779855
3,20220331021500,MEPMD01,0.4182,2141779855
3,20220309054500,MEPMD01,0.3522,2141779855
3,20220318040000,MEPMD01,0.3504,2141779855
3,20220305104500,MEPMD01,0.2862,2141779855
3,20220326230000,MEPMD01,0.4674,2141779855
3,20220313003000,MEPMD01,0.3918,2141779855
3,20220325214500,MEPMD01,0.4914,2141779855
3,20220319214500,MEPMD01,0.4674,2141779855
3,20220309234500,MEPMD01,0.4134,2141779855
3,20220313154500,MEPMD01,0.3468,2141779855
3,20220317234500,MEPMD01,0.4212,2141779855
3,20220326024500,MEPMD01,0.4464,2141779855
3,20220311180000,MEPMD01,0.573,2141779855
3,20220301004500,MEPMD01,0.3888,2141779855
3,20220311131500,MEPMD01,0.3954,2141779855
3,20220301133000,MEPMD01,0.3204,2141779855
3,20220313214500,MEPMD01,0.4074,2141779855
3,20220306203000,MEPMD01,0.4596,2141779855
3,20220302064500,MEPMD01,0.3348,2141779855
3,20220328191500,MEPMD01,0.4794,2141779855
3,20220310061500,MEPMD01,0.3594,2141779855
3,20220312171500,MEPMD01,0.4278,2141779855
3,20220316201500,MEPMD01,0.5184,2141779855
3,20220314124500,MEPMD01,0.3486,2141779855
3,20220301184500,MEPMD01,0.5358,2141779855
3,20220302003000,MEPMD01,0.3822,2141779855
3,20220318131500,MEPMD01,0.3354,2141779855
3,20220320120000,MEPMD01,0.3486,2141779855
3,20220329100000,MEPMD01,0.2946,2141779855
3,20220306101500,MEPMD01,0.3996,2141779855
3,20220325080000,MEPMD01,0.3612,2141779855
3,20220307184500,MEPMD01,0.3534,2141779855
3,20220318041500,MEPMD01,0.4104,2141779855
3,20220311051500,MEPMD01,0.3432,2141779855
3,20220317191500,MEPMD01,0.3954,2141779855
3,20220306080000,MEPMD01,0.3582,2141779855
3,20220330074500,MEPMD01,0.381,2141779855
3,20220329134500,MEPMD01,0.3738,2141779855
3,20220328023000,MEPMD01,0.4296,2141779855
3,20220305001500,MEPMD01,0.3972,2141779855
3,20220314113000,MEPMD01,0.3648,2141779855
3,20220306070000,MEPMD01,0.378,2141779855
3,20220312100000,MEPMD01,0.3444,2141779855
3,20220301043000,MEPMD01,0.384,2141779855
3,20220323214500,MEPMD01,0.4686,2141779855
3,20220312013000,MEPMD01,0.399,2141779855
3,20220316051500,MEPMD01,0.4074,2141779855
3,20220315021500,MEPMD01,0.3846,2141779855
3,20220304201500,MEPMD01,0.3966,2141779855
3,20220308124500,MEPMD01,0.2442,2141779855
3,20220329190000,MEPMD01,0.5766,2141779855
3,20220314094500,MEPMD01,0.402,2141779855
3,20220317071500,MEPMD01,0.3426,2141779855
3,20220311064500,MEPMD01,0.363,2141779855
3,20220324190000,MEPMD01,0.3942,2141779855
3,20220322230000,MEPMD01,0.4326,2141779855
3,20220330191500,MEPMD01,0.5154,2141779855
3,20220321143000,MEPMD01,0.3762,2141779855
3,20220323070000,MEPMD01,0.3984,2141779855
3,20220308151500,MEPMD01,0.231,2141779855
3,20220322084500,MEPMD01,0.4524,2141779855
3,20220315193000,MEPMD01,0.513,2141779855
3,20220312031500,MEPMD01,0.3834,2141779855
3,20220324003000,MEPMD01,0.4722,2141779855
3,20220301114500,MEPMD01,0.2982,2141779855
3,20220330124500,MEPMD01,0.3858,2141779855
3,20220315073000,MEPMD01,0.3522,2141779855
3,20220320140000,MEPMD01,0.3162,2141779855
3,20220316214500,MEPMD01,0.4638,2141779855
3,20220330164500,MEPMD01,0.2766,2141779855
3,20220325021500,MEPMD01,0.4524,2141779855
3,20220330101500,MEPMD01,0.3204,2141779855
3,20220315111500,MEPMD01,0.3402,2141779855
3,20220301014500,MEPMD01,0.3612,2141779855
3,20220315220000,MEPMD01,0.5016,2141779855
3,20220310171500,MEPMD01,0.369,2141779855
3,20220326080000,MEPMD01,0.396,2141779855
3,20220313010000,MEPMD01,0.3912,2141779855
3,20220324014500,MEPMD01,0.4002,2141779855
3,20220311141500,MEPMD01,0.348,2141779855
3,20220329213000,MEPMD01,0.4716,2141779855
3,20220313030000,MEPMD01,0.3906,2141779855
3,20220329131500,MEPMD01,0.357,2141779855
3,20220314203000,MEPMD01,0.3846,2141779855
3,20220321104500,MEPMD01,0.375,2141779855
3,20220316141500,MEPMD01,0.4014,2141779855
3,20220304090000,MEPMD01,0.3,2141779855
3,20220330150000,MEPMD01,0.408,2141779855
3,20220310131500,MEPMD01,0.429,2141779855
3,20220325053000,MEPMD01,0.441,2141779855
3,20220318161500,MEPMD01,0.3462,2141779855
3,20220301164500,MEPMD01,0.3186,2141779855
3,20220329130000,MEPMD01,0.3708,2141779855
3,20220317103000,MEPMD01,0.3936,2141779855
3,20220324224500,MEPMD01,0.6666,2141779855
3,20220326140000,MEPMD01,0.3504,2141779855
3,20220323023000,MEPMD01,0.4104,2141779855
3,20220331084500,MEPMD01,0.5766,2141779855
3,20220310104500,MEPMD01,0.4212,2141779855
3,20220319104500,MEPMD01,0.3786,2141779855
3,20220329043000,MEPMD01,0.4338,2141779855
3,20220307154500,MEPMD01,0.249,2141779855
3,20220321184500,MEPMD01,0.3804,2141779855
3,20220303223000,MEPMD01,0.5034,2141779855
3,20220324033000,MEPMD01,0.4446,2141779855
3,20220325033000,MEPMD01,0.4338,2141779855
3,20220306073000,MEPMD01,0.4302,2141779855
3,20220303004500,MEPMD01,0.36,2141779855
3,20220309103000,MEPMD01,0.249,2141779855
3,20220321060000,MEPMD01,0.3348,2141779855
3,20220309180000,MEPMD01,0.2892,2141779855
3,20220308194500,MEPMD01,0.3312,2141779855
3,20220306024500,MEPMD01,0.387,2141779855
3,20220320224500,MEPMD01,0.3978,2141779855
3,20220320011500,MEPMD01,0.3702,2141779855
3,20220315214500,MEPMD01,0.4872,2141779855
3,20220314180000,MEPMD01,0.273,2141779855
3,20220313203000,MEPMD01,0.4458,2141779855
3,20220309111500,MEPMD01,0.399,2141779855
3,20220323181500,MEPMD01,0.4128,2141779855
3,20220317083000,MEPMD01,0.3798,2141779855
3,20220327170000,MEPMD01,0.3786,2141779855
3,20220315141500,MEPMD01,0.363,2141779855
3,20220318101500,MEPMD01,0.318,2141779855
3,20220303033000,MEPMD01,0.3762,2141779855
3,20220302060000,MEPMD01,0.3402,2141779855
3,20220321103000,MEPMD01,0.3258,2141779855
3,20220317200000,MEPMD01,0.531,2141779855
3,20220319114500,MEPMD01,0.2898,2141779855
3,20220310200000,MEPMD01,0.4992,2141779855
3,20220301061500,MEPMD01,0.3666,2141779855
3,20220303231500,MEPMD01,0.4404,2141779855
3,20220326234500,MEPMD01,0.4098,2141779855
3,20220316144500,MEPMD01,0.3942,2141779855
3,20220315164500,MEPMD01,0.2988,2141779855
3,20220319030000,MEPMD01,0.366,2141779855
3,20220327044500,MEPMD01,0.4062,2141779855
3,20220325090000,MEPMD01,0.3456,2141779855
3,20220328110000,MEPMD01,0.3474,2141779855
3,20220325151500,MEPMD01,0.3678,2141779855
3,20220310231500,MEPMD01,0.4092,2141779855
3,20220312174500,MEPMD01,0.39,2141779855
3,20220313031500,MEPMD01,0.3696,2141779855
3,20220316041500,MEPMD01,0.3876,2141779855
3,20220330201500,MEPMD01,0.4884,2141779855
3,20220328180000,MEPMD01,0.3702,2141779855
3,20220305224500,MEPMD01,0.4566,2141779855
3,20220319120000,MEPMD01,0.309,2141779855
3,20220316073000,MEPMD01,0.3108,2141779855
3,20220310223000,MEPMD01,0.4404,2141779855
3,20220314024500,MEPMD01,0.3852,2141779855
3,20220323153000,MEPMD01,0.3546,2141779855
3,20220303163000,MEPMD01,0.4152,2141779855
3,20220331163000,MEPMD01,0.372,2141779855
3,20220317001500,MEPMD01,0.4512,2141779855
3,20220331203000,MEPMD01,0.4812,2141779855
3,20220327083000,MEPMD01,0.4674,2141779855
3,20220322154500,MEPMD01,0.3306,2141779855
3,20220326094500,MEPMD01,0.3768,2141779855
3,20220319013000,MEPMD01,0.3972,2141779855
3,20220326221500,MEPMD01,0.4998,2141779855
3,20220312003000,MEPMD01,0.4134,2141779855
3,20220305234500,MEPMD01,0.4584,2141779855
3,20220315080000,MEPMD01,0.3738,2141779855
3,20220324001500,MEPMD01,0.477,2141779855
3,20220326000000,MEPMD01,0.4386,2141779855
3,20220303170000,MEPMD01,0.5028,2141779855
3,20220317020000,MEPMD01,0.3882,2141779855
3,20220330194500,MEPMD01,0.4914,2141779855
3,20220301051500,MEPMD01,0.3462,2141779855
3,20220330044500,MEPMD01,0.4482,2141779855
3,20220305003000,MEPMD01,0.3852,2141779855
3,20220313101500,MEPMD01,0.3714,2141779855
3,20220301130000,MEPMD01,0.405,2141779855
3,20220330104500,MEPMD01,0.411,2141779855
3,20220307143000,MEPMD01,0.3006,2141779855
3,20220302180000,MEPMD01,0.3258,2141779855
3,20220322081500,MEPMD01,0.3984,2141779855
3,20220303051500,MEPMD01,0.387,2141779855
3,20220317011500,MEPMD01,0.441,2141779855
3,20220314183000,MEPMD01,0.3204,2141779855
3,20220327000000,MEPMD01,0.417,2141779855
3,20220311061500,MEPMD01,0.3648,2141779855
3,20220309120000,MEPMD01,0.423,2141779855
3,20220304143000,MEPMD01,0.3468,2141779855
3,20220327073000,MEPMD01,0.3942,2141779855
3,20220330010000,MEPMD01,0.4872,2141779855
3,20220326174500,MEPMD01,0.3786,2141779855
3,20220319084500,MEPMD01,0.3114,2141779855
3,20220306103000,MEPMD01,0.3492,2141779855
3,20220303173000,MEPMD01,0.3564,2141779855
3,20220316221500,MEPMD01,0.4656,2141779855
3,20220319011500,MEPMD01,0.3726,2141779855
3,20220322033000,MEPMD01,0.4476,2141779855
3,20220313153000,MEPMD01,0.3042,2141779855
3,20220330004500,MEPMD01,0.4938,2141779855
3,20220302160000,MEPMD01,0.372,2141779855
3,20220304053000,MEPMD01,0.3378,2141779855
3,20220324023000,MEPMD01,0.4422,2141779855
3,20220319061500,MEPMD01,0.4182,2141779855
3,20220328210000,MEPMD01,0.429,2141779855
3,20220318183000,MEPMD01,0.5058,2141779855
3,20220330134500,MEPMD01,0.4752,2141779855
3,20220314011500,MEPMD01,0.4578,2141779855
3,20220301093000,MEPMD01,0.3654,2141779855
3,20220323154500,MEPMD01,0.3438,2141779855
3,20220331120000,MEPMD01,0.5604,2141779855
3,20220324153000,MEPMD01,0.4038,2141779855
3,20220324040000,MEPMD01,0.4302,2141779855
3,20220308081500,MEPMD01,0.4596,2141779855
3,20220324041500,MEPMD01,0.3996,2141779855
3,20220324180000,MEPMD01,0.5154,2141779855
3,20220302021500,MEPMD01,0.357,2141779855
3,20220326193000,MEPMD01,0.4968,2141779855
3,20220312141500,MEPMD01,0.3552,2141779855
3,20220324141500,MEPMD01,0.4392,2141779855
3,20220315171500,MEPMD01,0.3324,2141779855
3,20220316013000,MEPMD01,0.3924,2141779855
3,20220321221500,MEPMD01,0.5976,2141779855
3,20220316220000,MEPMD01,0.3918,2141779855
3,20220228233000,MEPMD01,0.405,2141779855
3,20220306050000,MEPMD01,0.3486,2141779855
3,20220306043000,MEPMD01,0.3684,2141779855
3,20220323220000,MEPMD01,0.519,2141779855
3,20220316080000,MEPMD01,0.324,2141779855
3,20220309160000,MEPMD01,0.3132,2141779855
3,20220318081500,MEPMD01,0.3174,2141779855
3,20220318173000,MEPMD01,0.378,2141779855
3,20220304114500,MEPMD01,0.3432,2141779855
3,20220329230000,MEPMD01,0.4722,2141779855
3,20220303120000,MEPMD01,0.315,2141779855
3,20220307114500,MEPMD01,0.288,2141779855
3,20220325073000,MEPMD01,0.3564,2141779855
3,20220303153000,MEPMD01,0.3228,2141779855
3,20220320114500,MEPMD01,0.3678,2141779855
3,20220307234500,MEPMD01,0.3576,2141779855
3,20220307021500,MEPMD01,0.3912,2141779855
3,20220307103000,MEPMD01,0.2724,2141779855
3,20220306004500,MEPMD01,0.3624,2141779855
3,20220316034500,MEPMD01,0.39,2141779855
3,20220309144500,MEPMD01,0.3504,2141779855
3,20220313013000,MEPMD01,0.3588,2141779855
3,20220307040000,MEPMD01,0.4062,2141779855
3,20220330204500,MEPMD01,0.4842,2141779855
3,20220318223000,MEPMD01,0.4824,2141779855
3,20220326060000,MEPMD01,0.4146,2141779855
3,20220318163000,MEPMD01,0.3282,2141779855
3,20220322060000,MEPMD01,0.4392,2141779855
3,20220304213000,MEPMD01,0.4092,2141779855
3,20220304203000,MEPMD01,0.4158,2141779855
3,20220321201500,MEPMD01,0.4824,2141779855
3,20220319130000,MEPMD01,0.309,2141779855
3,20220323090000,MEPMD01,0.6288,2141779855
3,20220307054500,MEPMD01,0.3642,2141779855
3,20220317144500,MEPMD01,0.3822,2141779855
3,20220330041500,MEPMD01,0.432,2141779855
3,20220309034500,MEPMD01,0.4008,2141779855
3,20220309104500,MEPMD01,0.4374,2141779855
3,20220317181500,MEPMD01,0.4662,2141779855
3,20220303161500,MEPMD01,0.3492,2141779855
3,20220320223000,MEPMD01,0.4242,2141779855
3,20220316200000,MEPMD01,0.4812,2141779855
3,20220326203000,MEPMD01,0.4656,2141779855
3,20220322214500,MEPMD01,0.4356,2141779855
3,20220327003000,MEPMD01,0.4512,2141779855
3,20220309201500,MEPMD01,0.4062,2141779855
3,20220316020000,MEPMD01,0.402,2141779855
3,20220301064500,MEPMD01,0.3456,2141779855
3,20220313124500,MEPMD01,0.2994,2141779855
3,20220302171500,MEPMD01,0.294,2141779855
3,20220322074500,MEPMD01,0.3534,2141779855
3,20220319161500,MEPMD01,0.4032,2141779855
3,20220304033000,MEPMD01,0.4332,2141779855
3,20220312101500,MEPMD01,0.378,2141779855
3,20220331010000,MEPMD01,0.4266,2141779855
3,20220311220000,MEPMD01,0.4638,2141779855
3,20220315180000,MEPMD01,0.3456,2141779855
3,20220328070000,MEPMD01,0.3924,2141779855
3,20220322040000,MEPMD01,0.4488,2141779855
3,20220331174500,MEPMD01,0.3384,2141779855
3,20220322113000,MEPMD01,0.4146,2141779855
3,20220316130000,MEPMD01,0.372,2141779855
3,20220321160000,MEPMD01,0.306,2141779855
3,20220319050000,MEPMD01,0.3378,2141779855
3,20220315071500,MEPMD01,0.3498,2141779855
3,20220322161500,MEPMD01,0.3432,2141779855
3,20220330184500,MEPMD01,0.5424,2141779855
3,20220323054500,MEPMD01,0.4752,2141779855
3,20220306020000,MEPMD01,0.369,2141779855
3,20220310020000,MEPMD01,0.387,2141779855
3,20220315151500,MEPMD01,0.3636,2141779855
3,20220330190000,MEPMD01,0.5004,2141779855
3,20220301103000,MEPMD01,0.4518,2141779855
3,20220311234500,MEPMD01,0.444,2141779855
3,20220303091500,MEPMD01,0.3168,2141779855
3,20220319151500,MEPMD01,0.2784,2141779855
3,20220328073000,MEPMD01,0.396,2141779855
3,20220301084500,MEPMD01,0.3144,2141779855
3,20220320101500,MEPMD01,0.3198,2141779855
3,20220320051500,MEPMD01,0.387,2141779855
3,20220304161500,MEPMD01,0.3276,2141779855
3,20220308231500,MEPMD01,0.4356,2141779855
3,20220306174500,MEPMD01,0.2694,2141779855
3,20220308183000,MEPMD01,0.2982,2141779855
3,20220328230000,MEPMD01,0.4236,2141779855
3,20220321200000,MEPMD01,0.4548,2141779855
3,20220304131500,MEPMD01,0.3558,2141779855
3,20220318074500,MEPMD01,0.5184,2141779855
3,20220324184500,MEPMD01,0.3528,2141779855
3,20220301180000,MEPMD01,0.2916,2141779855
3,20220317130000,MEPMD01,0.3312,2141779855
3,20220320143000,MEPMD01,0.333,2141779855
3,20220320171500,MEPMD01,0.3822,2141779855
3,20220317090000,MEPMD01,0.3372,2141779855
3,20220307193000,MEPMD01,0.5382,2141779855
3,20220309131500,MEPMD01,0.3648,2141779855
3,20220329151500,MEPMD01,0.4218,2141779855
3,20220317154500,MEPMD01,0.396,2141779855
3,20220318034500,MEPMD01,0.3528,2141779855
3,20220323121500,MEPMD01,0.456,2141779855
3,20220331134500,MEPMD01,0.534,2141779855
3,20220324024500,MEPMD01,0.444,2141779855
3,20220310113000,MEPMD01,0.4956,2141779855
3,20220305110000,MEPMD01,0.2736,2141779855
3,20220309231500,MEPMD01,0.396,2141779855
3,20220314071500,MEPMD01,0.3126,2141779855
3,20220315090000,MEPMD01,0.3018,2141779855
3,20220302233000,MEPMD01,0.4332,2141779855
3,20220312030000,MEPMD01,0.3684,2141779855
3,20220325141500,MEPMD01,0.3246,2141779855
3,20220306130000,MEPMD01,0.3498,2141779855
3,20220321170000,MEPMD01,0.3042,2141779855
3,20220315104500,MEPMD01,0.3612,2141779855
3,20220328204500,MEPMD01,0.5244,2141779855
3,20220305201500,MEPMD01,0.4098,2141779855
3,20220319154500,MEPMD01,0.3252,2141779855
3,20220320193000,MEPMD01,0.4416,2141779855
3,20220318004500,MEPMD01,0.366,2141779855
3,20220313184500,MEPMD01,0.474,2141779855
3,20220329001500,MEPMD01,0.423,2141779855
3,20220302131500,MEPMD01,0.3174,2141779855
3,20220307171500,MEPMD01,0.243,2141779855
3,20220312011500,MEPMD01,0.3684,2141779855
3,20220329140000,MEPMD01,0.3906,2141779855
3,20220318201500,MEPMD01,0.4536,2141779855
3,20220301160000,MEPMD01,0.2844,2141779855
3,20220304170000,MEPMD01,0.4098,2141779855
3,20220306194500,MEPMD01,0.4512,2141779855
3,20220316143000,MEPMD01,0.4092,2141779855
3,20220330110000,MEPMD01,0.354,2141779855
3,20220329110000,MEPMD01,0.3186,2141779855
3,20220307111500,MEPMD01,0.2796,2141779855
3,20220309050000,MEPMD01,0.3234,2141779855
3,20220324101500,MEPMD01,0.3972,2141779855
3,20220317023000,MEPMD01,0.39,2141779855
3,20220319121500,MEPMD01,0.333,2141779855
3,20220314044500,MEPMD01,0.3402,2141779855
3,20220330200000,MEPMD01,0.5136,2141779855
3,20220323120000,MEPMD01,0.5676,2141779855
3,20220305090000,MEPMD01,0.387,2141779855
3,20220302203000,MEPMD01,0.4176,2141779855
3,20220305150000,MEPMD01,0.3348,2141779855
3,20220322114500,MEPMD01,0.3894,2141779855
3,20220305161500,MEPMD01,0.3264,2141779855
3,20220323190000,MEPMD01,0.408,2141779855
3,20220314054500,MEPMD01,0.3378,2141779855
3,20220311181500,MEPMD01,0.5664,2141779855
3,20220308041500,MEPMD01,0.3906,2141779855
3,20220320050000,MEPMD01,0.3762,2141779855
3,20220311163000,MEPMD01,0.3726,2141779855
3,20220301101500,MEPMD01,0.4404,2141779855
3,20220328060000,MEPMD01,0.6,2141779855
3,20220302070000,MEPMD01,0.3156,2141779855
3,20220321181500,MEPMD01,0.3246,2141779855
3,20220316180000,MEPMD01,0.384,2141779855
3,20220314141500,MEPMD01,0.3276,2141779855
3,20220330094500,MEPMD01,0.312,2141779855
3,20220305071500,MEPMD01,0.3744,2141779855
3,20220324234500,MEPMD01,0.444,2141779855
3,20220318144500,MEPMD01,0.3564,2141779855
3,20220318174500,MEPMD01,0.3024,2141779855
3,20220326223000,MEPMD01,0.4662,2141779855
3,20220317194500,MEPMD01,0.5874,2141779855
3,20220318111500,MEPMD01,0.3204,2141779855
3,20220305124500,MEPMD01,0.3246,2141779855
3,20220326231500,MEPMD01,0.4512,2141779855
3,20220329143000,MEPMD01,0.3894,2141779855
3,20220325161500,MEPMD01,0.3726,2141779855
3,20220326103000,MEPMD01,0.5676,2141779855
3,20220328044500,MEPMD01,0.4368,2141779855
3,20220314231500,MEPMD01,0.4266,2141779855
3,20220325114500,MEPMD01,0.3432,2141779855
3,20220317044500,MEPMD01,0.3816,2141779855
3,20220319070000,MEPMD01,0.3276,2141779855
3,20220316210000,MEPMD01,0.531,2141779855
3,20220305171500,MEPMD01,0.3624,2141779855
3,20220330100000,MEPMD01,0.3192,2141779855
3,20220312221500,MEPMD01,0.3768,2141779855
3,20220319171500,MEPMD01,0.3414,2141779855
3,20220320123000,MEPMD01,0.3066,2141779855
3,20220317180000,MEPMD01,0.468,2141779855
3,20220327021500,MEPMD01,0.393,2141779855
3,20220304204500,MEPMD01,0.474,2141779855
3,20220322191500,MEPMD01,0.4188,2141779855
3,20220316084500,MEPMD01,0.3378,2141779855
3,20220307201500,MEPMD01,0.402,2141779855
3,20220315010000,MEPMD01,0.384,2141779855
3,20220309183000,MEPMD01,0.4338,2141779855
3,20220330050000,MEPMD01,0.4128,2141779855
3,20220325223000,MEPMD01,0.6216,2141779855
3,20220329163000,MEPMD01,0.4686,2141779855
3,20220318031500,MEPMD01,0.3786,2141779855
3,20220308110000,MEPMD01,0.3186,2141779855
3,20220319080000,MEPMD01,0.3744,2141779855
3,20220316024500,MEPMD01,0.4002,2141779855
3,20220327174500,MEPMD01,0.3774,2141779855
3,20220328003000,MEPMD01,0.4344,2141779855
3,20220310033000,MEPMD01,0.3582,2141779855
3,20220306204500,MEPMD01,0.5094,2141779855
3,20220324150000,MEPMD01,0.3894,2141779855
3,20220304063000,MEPMD01,0.3498,2141779855
3,20220311194500,MEPMD01,0.4608,2141779855
3,20220302001500,MEPMD01,0.3846,2141779855
3,20220304094500,MEPMD01,0.36,2141779855
3,20220313221500,MEPMD01,0.5244,2141779855
3,20220318100000,MEPMD01,0.369,2141779855
3,20220331020000,MEPMD01,0.4326,2141779855
3,20220313121500,MEPMD01,0.2946,2141779855
3,20220301201500,MEPMD01,0.4824,2141779855
3,20220310034500,MEPMD01,0.3732,2141779855
3,20220318170000,MEPMD01,0.3432,2141779855
3,20220306000000,MEPMD01,0.4272,2141779855
3,20220315040000,MEPMD01,0.339,2141779855
3,20220318013000,MEPMD01,0.3582,2141779855
3,20220325123000,MEPMD01,0.3558,2141779855
3,20220331133000,MEPMD01,0.6018,2141779855
3,20220325040000,MEPMD01,0.4332,2141779855
3,20220309161500,MEPMD01,0.33,2141779855
3,20220308134500,MEPMD01,0.2454,2141779855
3,20220321081500,MEPMD01,0.2994,2141779855
3,20220330143000,MEPMD01,0.4104,2141779855
3,20220329054500,MEPMD01,0.4038,2141779855
3,20220309190000,MEPMD01,0.4788,2141779855
3,20220303123000,MEPMD01,0.2976,2141779855
3,20220327094500,MEPMD01,0.4026,2141779855
3,20220319024500,MEPMD01,0.3864,2141779855
3,20220306124500,MEPMD01,0.3252,2141779855
3,20220303194500,MEPMD01,0.4368,2141779855
3,20220322180000,MEPMD01,0.5028,2141779855
3,20220324074500,MEPMD01,0.4122,2141779855
3,20220321004500,MEPMD01,0.3972,2141779855
3,20220323113000,MEPMD01,0.4218,2141779855
3,20220317150000,MEPMD01,0.4068,2141779855
3,20220317153000,MEPMD01,0.3564,2141779855
3,20220315194500,MEPMD01,0.4338,2141779855
3,20220303124500,MEPMD01,0.3132,2141779855
3,20220325143000,MEPMD01,0.3588,2141779855
3,20220315023000,MEPMD01,0.396,2141779855
3,20220302220000,MEPMD01,0.4074,2141779855
3,20220309041500,MEPMD01,0.3546,2141779855
3,20220325133000,MEPMD01,0.3834,2141779855
3,20220315213000,MEPMD01,0.4554,2141779855
3,20220302010000,MEPMD01,0.4428,2141779855
3,20220323124500,MEPMD01,0.3936,2141779855
3,20220313151500,MEPMD01,0.2976,2141779855
3,20220304070000,MEPMD01,0.3048,2141779855
3,20220321020000,MEPMD01,0.3732,2141779855
3,20220325061500,MEPMD01,0.5382,2141779855
3,20220304181500,MEPMD01,0.3126,2141779855
3,20220307010000,MEPMD01,0.3726,2141779855
3,20220315190000,MEPMD01,0.5808,2141779855
3,20220311134500,MEPMD01,0.3264,2141779855
3,20220324123000,MEPMD01,0.405,2141779855
3,20220327093000,MEPMD01,0.3606,2141779855
3,20220313173000,MEPMD01,0.2988,2141779855
3,20220302194500,MEPMD01,0.4698,2141779855
3,20220308224500,MEPMD01,0.4536,2141779855
3,20220324111500,MEPMD01,0.4254,2141779855
3,20220314083000,MEPMD01,0.3606,2141779855
3,20220313133000,MEPMD01,0.2862,2141779855
3,20220307231500,MEPMD01,0.3798,2141779855
3,20220306100000,MEPMD01,0.351,2141779855
3,20220314023000,MEPMD01,0.3594,2141779855
3,20220306011500,MEPMD01,0.3432,2141779855
3,20220327020000,MEPMD01,0.4008,2141779855
3,20220317061500,MEPMD01,0.3618,2141779855
3,20220331210000,MEPMD01,0.468,2141779855
3,20220322173000,MEPMD01,0.3354,2141779855
3,20220330233000,MEPMD01,0.4782,2141779855
3,20220307013000,MEPMD01,0.36,2141779855
3,20220312133000,MEPMD01,0.3792,2141779855
3,20220327223000,MEPMD01,0.5028,2141779855
3,20220328113000,MEPMD01,0.366,2141779855
3,20220308221500,MEPMD01,0.456,2141779855
3,20220308073000,MEPMD01,0.2688,2141779855
3,20220309094500,MEPMD01,0.2952,2141779855
3,20220305103000,MEPMD01,0.3732,2141779855
3,20220312184500,MEPMD01,0.3756,2141779855
3,20220331213000,MEPMD01,0.477,2141779855
3,20220320204500,MEPMD01,0.4254,2141779855
3,20220317063000,MEPMD01,0.351,2141779855
3,20220302071500,MEPMD01,0.33,2141779855
3,20220327210000,MEPMD01,0.4038,2141779855
3,20220313001500,MEPMD01,0.3984,2141779855
3,20220311040000,MEPMD01,0.3492,2141779855
3,20220320071500,MEPMD01,0.3342,2141779855
3,20220329020000,MEPMD01,0.4062,2141779855
3,20220323141500,MEPMD01,0.3246,2141779855
3,20220308001500,MEPMD01,0.354,2141779855
3,20220301230000,MEPMD01,0.474,2141779855
3,20220306193000,MEPMD01,0.4416,2141779855
3,20220323151500,MEPMD01,0.312,2141779855
3,20220317041500,MEPMD01,0.3918,2141779855
3,20220318104500,MEPMD01,0.162,2141779855
3,20220328211500,MEPMD01,0.4614,2141779855
3,20220324051500,MEPMD01,0.5364,2141779855
3,20220305194500,MEPMD01,0.3876,2141779855
3,20220305210000,MEPMD01,0.4344,2141779855
3,20220327064500,MEPMD01,0.3582,2141779855
3,20220313210000,MEPMD01,0.3936,2141779855
3,20220323234500,MEPMD01,0.4848,2141779855
3,20220314163000,MEPMD01,0.2508,2141779855
3,20220318014500,MEPMD01,0.357,2141779855
3,20220316063000,MEPMD01,0.3468,2141779855
3,20220317074500,MEPMD01,0.3408,2141779855
3,20220309113000,MEPMD01,0.3924,2141779855
3,20220329014500,MEPMD01,0.3978,2141779855
3,20220323031500,MEPMD01,0.417,2141779855
3,20220319071500,MEPMD01,0.3342,2141779855
3,20220302121500,MEPMD01,0.3438,2141779855
3,20220307140000,MEPMD01,0.2988,2141779855
3,20220307144500,MEPMD01,0.2772,2141779855
3,20220306150000,MEPMD01,0.3096,2141779855
3,20220323061500,MEPMD01,0.3612,2141779855
3,20220323201500,MEPMD01,0.4248,2141779855
3,20220305120000,MEPMD01,0.3018,2141779855
3,20220323171500,MEPMD01,0.354,2141779855
3,20220331094500,MEPMD01,0.4458,2141779855
3,20220307084500,MEPMD01,0.2976,2141779855
3,20220326031500,MEPMD01,0.462,2141779855
3,20220327070000,MEPMD01,0.3756,2141779855
3,20220316234500,MEPMD01,0.4728,2141779855
3,20220320181500,MEPMD01,0.4758,2141779855
3,20220327234500,MEPMD01,0.4266,2141779855
3,20220228231500,MEPMD01,0.4866,2141779855
3,20220305034500,MEPMD01,0.3564,2141779855
3,20220301131500,MEPMD01,0.3384,2141779855
3,20220325183000,MEPMD01,0.417,2141779855
3,20220321111500,MEPMD01,0.3384,2141779855
3,20220324231500,MEPMD01,0.4524,2141779855
3,20220302231500,MEPMD01,0.4134,2141779855
3,20220303154500,MEPMD01,0.3606,2141779855
3,20220302103000,MEPMD01,0.3852,2141779855
3,20220320090000,MEPMD01,0.4602,2141779855
3,20220305000000,MEPMD01,0.4302,2141779855
3,20220321173000,MEPMD01,0.264,2141779855
3,20220307113000,MEPMD01,0.279,2141779855
3,20220303131500,MEPMD01,0.438,2141779855
3,20220316150000,MEPMD01,0.3636,2141779855
3,20220328104500,MEPMD01,0.4272,2141779855
3,20220303071500,MEPMD01,0.3042,2141779855
3,20220305173000,MEPMD01,0.309,2141779855
3,20220322110000,MEPMD01,0.3726,2141779855
3,20220320083000,MEPMD01,0.4176,2141779855
3,20220323143000,MEPMD01,0.3576,2141779855
3,20220327024500,MEPMD01,0.408,2141779855
3,20220315210000,MEPMD01,0.4536,2141779855
3,20220312064500,MEPMD01,0.339,2141779855
3,20220309070000,MEPMD01,0.3018,2141779855
3,20220324144500,MEPMD01,0.4992,2141779855
3,20220314063000,MEPMD01,0.3588,2141779855
3,20220316113000,MEPMD01,0.3756,2141779855
3,20220320173000,MEPMD01,0.4092,2141779855
3,20220329203000,MEPMD01,0.4584,2141779855
3,20220303021500,MEPMD01,0.387,2141779855
3,20220305143000,MEPMD01,0.3492,2141779855
3,20220309214500,MEPMD01,0.4428,2141779855
3,20220310173000,MEPMD01,0.39,2141779855
3,20220316001500,MEPMD01,0.3576,2141779855
3,20220329114500,MEPMD01,0.3162,2141779855
3,20220324183000,MEPMD01,0.402,2141779855
3,20220326040000,MEPMD01,0.429,2141779855
3,20220309051500,MEPMD01,0.309,2141779855
3,20220318093000,MEPMD01,0.345,2141779855
3,20220304163000,MEPMD01,0.3246,2141779855
3,20220307063000,MEPMD01,0.3264,2141779855
3,20220325144500,MEPMD01,0.357,2141779855
3,20220331080000,MEPMD01,0.3396,2141779855
3,20220317003000,MEPMD01,0.4266,2141779855
3,20220327171500,MEPMD01,0.3798,2141779855
3,20220328061500,MEPMD01,0.417,2141779855
3,20220327180000,MEPMD01,0.3354,2141779855
3,20220319184500,MEPMD01,0.4434,2141779855
3,20220321214500,MEPMD01,0.4782,2141779855
3,20220321234500,MEPMD01,0.4668,2141779855
3,20220321083000,MEPMD01,0.318,2141779855
3,20220312214500,MEPMD01,0.3858,2141779855
3,20220306010000,MEPMD01,0.3528,2141779855
3,20220329081500,MEPMD01,0.4872,2141779855
3,20220307090000,MEPMD01,0.3222,2141779855
3,20220330160000,MEPMD01,0.381,2141779855
3,20220303070000,MEPMD01,0.3114,2141779855
3,20220310141500,MEPMD01,0.393,2141779855
3,20220319074500,MEPMD01,0.2958,2141779855
3,20220308130000,MEPMD01,0.2712,2141779855
3,20220323204500,MEPMD01,0.4194,2141779855
3,20220316120000,MEPMD01,0.3258,2141779855
3,20220328150000,MEPMD01,0.4458,2141779855
3,20220324131500,MEPMD01,0.4332,2141779855
3,20220311083000,MEPMD01,0.336,2141779855
3,20220322170000,MEPMD01,0.3456,2141779855
3,20220325190000,MEPMD01,0.5172,2141779855
3,20220301221500,MEPMD01,0.4062,2141779855
3,20220323081500,MEPMD01,0.3534,2141779855
3,20220301170000,MEPMD01,0.2964,2141779855
3,20220314103000,MEPMD01,0.387,2141779855
3,20220318233000,MEPMD01,0.4212,2141779855
3,20220310043000,MEPMD01,0.366,2141779855
3,20220307000000,MEPMD01,0.3846,2141779855
3,20220330070000,MEPMD01,0.4674,2141779855
3,20220308101500,MEPMD01,0.315,2141779855
3,20220322211500,MEPMD01,0.4386,2141779855
3,20220326190000,MEPMD01,0.4512,2141779855
3,20220306141500,MEPMD01,0.3252,2141779855
3,20220329164500,MEPMD01,0.378,2141779855
3,20220317033000,MEPMD01,0.4098,2141779855
3,20220317223000,MEPMD01,0.4524,2141779855
3,20220303143000,MEPMD01,0.2928,2141779855
3,20220315110000,MEPMD01,0.3756,2141779855
3,20220326194500,MEPMD01,0.441,2141779855
3,20220320121500,MEPMD01,0.3198,2141779855
3,20220325083000,MEPMD01,0.3738,2141779855
3,20220316100000,MEPMD01,0.39,2141779855
3,20220318184500,MEPMD01,0.5286,2141779855
3,20220323224500,MEPMD01,0.5118,2141779855
3,20220319221500,MEPMD01,0.4422,2141779855
3,20220314021500,MEPMD01,0.4158,2141779855
3,20220327230000,MEPMD01,0.4218,2141779855
3,20220315163000,MEPMD01,0.3654,2141779855
3,20220302114500,MEPMD01,0.3606,2141779855
3,20220311093000,MEPMD01,0.342,2141779855
3,20220322044500,MEPMD01,0.4944,2141779855
3,20220304061500,MEPMD01,0.5274,2141779855
3,20220318230000,MEPMD01,0.4638,2141779855
3,20220318123000,MEPMD01,0.3462,2141779855
3,20220319064500,MEPMD01,0.4578,2141779855
3,20220318053000,MEPMD01,0.3306,2141779855
3,20220307204500,MEPMD01,0.3936,2141779855
3,20220317120000,MEPMD01,0.3348,2141779855
3,20220331050000,MEPMD01,0.3966,2141779855
3,20220331144500,MEPMD01,0.3972,2141779855
3,20220302024500,MEPMD01,0.3246,2141779855
3,20220317171500,MEPMD01,0.3432,2141779855
3,20220329154500,MEPMD01,0.3954,2141779855
3,20220328101500,MEPMD01,0.3882,2141779855
3,20220315013000,MEPMD01,0.3984,2141779855
3,20220329191500,MEPMD01,0.6426,2141779855
3,20220321161500,MEPMD01,0.2832,2141779855
3,20220327160000,MEPMD01,0.5166,2141779855
3,20220314010000,MEPMD01,0.3894,2141779855
3,20220329223000,MEPMD01,0.5136,2141779855
3,20220307073000,MEPMD01,0.3438,2141779855
3,20220330151500,MEPMD01,0.3798,2141779855
3,20220329171500,MEPMD01,0.4608,2141779855
3,20220313093000,MEPMD01,0.3012,2141779855
3,20220310121500,MEPMD01,0.4068,2141779855
3,20220306154500,MEPMD01,0.2718,2141779855
3,20220321091500,MEPMD01,0.363,2141779855
3,20220322141500,MEPMD01,0.3444,2141779855
3,20220305061500,MEPMD01,0.3978,2141779855
3,20220302080000,MEPMD01,0.3528,2141779855
3,20220314233000,MEPMD01,0.3918,2141779855
3,20220329221500,MEPMD01,0.4716,2141779855
3,20220318054500,MEPMD01,0.3768,2141779855
3,20220308070000,MEPMD01,0.3492,2141779855
3,20220327221500,MEPMD01,0.5574,2141779855
3,20220319091500,MEPMD01,0.2814,2141779855
3,20220304121500,MEPMD01,0.459,2141779855
3,20220301210000,MEPMD01,0.3612,2141779855
3,20220319234500,MEPMD01,0.459,2141779855
3,20220306223000,MEPMD01,0.3852,2141779855
3,20220307130000,MEPMD01,0.3018,2141779855
3,20220319060000,MEPMD01,0.4728,2141779855
3,20220321213000,MEPMD01,0.5082,2141779855
3,20220312080000,MEPMD01,0.33,2141779855
3,20220324090000,MEPMD01,0.3858,2141779855
3,20220303180000,MEPMD01,0.3912,2141779855
3,20220327084500,MEPMD01,0.4002,2141779855
3,20220326070000,MEPMD01,0.4644,2141779855
3,20220327120000,MEPMD01,0.3954,2141779855
3,20220312111500,MEPMD01,0.3864,2141779855
3,20220327091500,MEPMD01,0.384,2141779855
3,20220320023000,MEPMD01,0.3846,2141779855
3,20220320080000,MEPMD01,0.3474,2141779855
3,20220328120000,MEPMD01,0.393,2141779855
3,20220318213000,MEPMD01,0.6324,2141779855
3,20220305024500,MEPMD01,0.3594,2141779855
3,20220323233000,MEPMD01,0.492,2141779855
3,20220310204500,MEPMD01,0.405,2141779855
3,20220330130000,MEPMD01,0.3672,2141779855
3,20220318024500,MEPMD01,0.3714,2141779855
3,20220308184500,MEPMD01,0.2958,2141779855
3,20220306160000,MEPMD01,0.3702,2141779855
3,20220327054500,MEPMD01,0.3684,2141779855
3,20220309083000,MEPMD01,0.2544,2141779855
3,20220328093000,MEPMD01,0.4242,2141779855
3,20220325011500,MEPMD01,0.4494,2141779855
3,20220302201500,MEPMD01,0.4254,2141779855
3,20220321063000,MEPMD01,0.4644,2141779855
3,20220308121500,MEPMD01,0.2676,2141779855
3,20220308133000,MEPMD01,0.2574,2141779855
3,20220304210000,MEPMD01,0.4206,2141779855
3,20220329184500,MEPMD01,0.4674,2141779855
3,20220310114500,MEPMD01,0.4578,2141779855
3,20220311070000,MEPMD01,0.4782,2141779855
3,20220321054500,MEPMD01,0.3192,2141779855
3,20220307014500,MEPMD01,0.3858,2141779855
3,20220322043000,MEPMD01,0.4626,2141779855
3,20220329060000,MEPMD01,0.5076,2141779855
3,20220328114500,MEPMD01,0.3888,2141779855
3,20220320033000,MEPMD01,0.3606,2141779855
3,20220324210000,MEPMD01,0.5424,2141779855
3,20220318061500,MEPMD01,0.3402,2141779855
3,20220314153000,MEPMD01,0.3168,2141779855
3,20220317190000,MEPMD01,0.3816,2141779855
3,20220320201500,MEPMD01,0.3756,2141779855
3,20220315001500,MEPMD01,0.4362,2141779855
3,20220313094500,MEPMD01,0.3126,2141779855
3,20220330063000,MEPMD01,0.429,2141779855
3,20220312130000,MEPMD01,0.4044,2141779855
3,20220331071500,MEPMD01,0.4422,2141779855
3,20220327004500,MEPMD01,0.3996,2141779855
3,20220323030000,MEPMD01,0.4206,2141779855
3,20220301134500,MEPMD01,0.324,2141779855
3,20220321113000,MEPMD01,0.3018,2141779855
3,20220304080000,MEPMD01,0.2964,2141779855
3,20220326130000,MEPMD01,0.306,2141779855
3,20220301141500,MEPMD01,0.3846,2141779855
3,20220310220000,MEPMD01,0.471,2141779855
3,20220303130000,MEPMD01,0.3108,2141779855
3,20220309053000,MEPMD01,0.3366,2141779855
3,20220319100000,MEPMD01,0.3348,2141779855
3,20220317160000,MEPMD01,0.3666,2141779855
3,20220312190000,MEPMD01,0.4236,2141779855
3,20220311211500,MEPMD01,0.4368,2141779855
3,20220320091500,MEPMD01,0.5178,2141779855
3,20220317133000,MEPMD01,0.3288,2141779855
3,20220324034500,MEPMD01,0.4392,2141779855
3,20220326160000,MEPMD01,0.4824,2141779855
3,20220327124500,MEPMD01,0.4194,2141779855
3,20220320110000,MEPMD01,0.4836,2141779855
3,20220307220000,MEPMD01,0.4368,2141779855
3,20220315121500,MEPMD01,0.3168,2141779855
3,20220309221500,MEPMD01,0.3942,2141779855
3,20220317231500,MEPMD01,0.4464,2141779855
3,20220319210000,MEPMD01,0.4026,2141779855
3,20220328141500,MEPMD01,0.417,2141779855
3,20220304084500,MEPMD01,0.3288,2141779855
3,20220327164500,MEPMD01,0.4476,2141779855
3,20220301033000,MEPMD01,0.369,2141779855
3,20220307203000,MEPMD01,0.4206,2141779855
3,20220313130000,MEPMD01,0.2748,2141779855
3,20220327200000,MEPMD01,0.4428,2141779855
3,20220330181500,MEPMD01,0.3642,2141779855
3,20220330163000,MEPMD01,0.3084,2141779855
3,20220326183000,MEPMD01,0.3552,2141779855
3,20220330131500,MEPMD01,0.4074,2141779855
3,20220301153000,MEPMD01,0.3678,2141779855
3,20220314164500,MEPMD01,0.2622,2141779855
3,20220307134500,MEPMD01,0.294,2141779855
3,20220325010000,MEPMD01,0.4356,2141779855
3,20220329111500,MEPMD01,0.3072,2141779855
3,20220324201500,MEPMD01,0.501,2141779855
3,20220316173000,MEPMD01,0.4464,2141779855
3,20220319103000,MEPMD01,0.39,2141779855
3,20220322124500,MEPMD01,0.4494,2141779855
3,20220314093000,MEPMD01,0.3768,2141779855
3,20220301000000,MEPMD01,0.513,2141779855
3,20220321053000,MEPMD01,0.4122,2141779855
3,20220326173000,MEPMD01,0.348,2141779855
3,20220317043000,MEPMD01,0.3876,2141779855
3,20220309150000,MEPMD01,0.3612,2141779855
3,20220325230000,MEPMD01,0.4464,2141779855
3,20220324054500,MEPMD01,0.4098,2141779855
3,20220322013000,MEPMD01,0.5052,2141779855
3,20220306040000,MEPMD01,0.3576,2141779855
3,20220329173000,MEPMD01,0.5196,2141779855
